request_id,created_at,district,category,priority,response_hours,satisfaction_score,resolved,operator,cost_rub
1001,2026-03-01,Центральный,road,high,5.0,4.6,yes,Иванов,1200.0
1002,2026-03-01,Северный,lighting,medium,12.0,4.2,yes,Петров,850.0
1003,,Южный,water,low,36.0,3.8,no,Сидоров,400.0
1004,,unknown,road,high,18.0,4.2,yes,Иванов,1500.0
1005,2026-03-03,Центральный,lighting,medium,9.0,4.0,yes,Петров,910.0
1006,2026-03-04,Западный,garbage,low,10.5,3.5,no,Смирнова,300.0
1007,2026-03-04,Северный,water,high,48.0,2.1,no,Кузнецов,610.0
1008,2026-03-05,Восточный,lighting,medium,11.0,4.4,yes,Иванова,780.0
1010,2026-03-06,Южный,garbage,low,6.0,4.7,yes,Иванов,290.0
1011,2026-03-06,Центральный,water,medium,15.0,4.2,yes,Лебедев,520.0
1012,2026-03-06,Северный,road,high,7.0,4.8,yes,Иванов,1300.0
1013,2026-03-07,Западный,lighting,medium,8.0,4.1,yes,Орлова,830.0
1014,2026-03-07,Центральный,garbage,low,4.0,4.9,yes,Петров,270.0
1015,2026-03-08,Южный,water,high,72.0,2.9,no,Сидоров,650.0
1016,2026-03-08,Восточный,lighting,medium,10.0,4.3,yes,Иванова,800.0
1017,2026-03-09,Центральный,road,high,3.0,5.0,yes,Иванов,1180.0
1018,2026-03-09,Северный,water,medium,28.0,3.3,no,Кузнецов,570.0
1019,2026-03-10,Западный,garbage,low,5.0,4.5,yes,Орлова,310.0
1020,2026-03-10,Восточный,lighting,medium,13.0,4.0,yes,Иванова,790.0
1022,2026-03-11,Центральный,garbage,low,6.0,4.6,yes,Иванов,780.0
1023,2026-03-11,Северный,lighting,medium,10.5,4.2,yes,Иванова,810.0
1024,2026-03-12,Южный,road,high,16.0,4.1,yes,Петров,1190.0
1025,2026-03-12,Западный,water,medium,21.0,4.2,no,Смирнова,540.0
1026,2026-03-13,Центральный,garbage,low,5.0,4.7,yes,Орлова,295.0
1027,2026-03-13,Северный,lighting,medium,14.0,4.4,yes,yes,820.0
1028,2026-03-13,Восточный,water,medium,19.0,4.1,yes,Иванова,560.0
1029,2026-03-14,unknown,lighting,medium,8.0,4.2,yes,Петров,770.0
